Area,Neighborhood
Haren,Glimmen
Haren,Haren
Haren,Noordlaren
Haren,Onnen
Ten Boer,Garmerwolde
Ten Boer,Lellens
Ten Boer,Sint Annen
Ten Boer,Ten Boer
Ten Boer,Ten Post
Ten Boer,Thesinge
Ten Boer,Winneweer
Ten Boer,Wittewierum
Ten Boer,Woltersum
Centrum,A-Kwartier
Centrum,Binnenstad
Centrum,Binnenstad-Oost
Centrum,Hortusbuurt
Centrum,Ebbingekwartier
Centrum,Westerhaven
Centrum,Stationsgebied
Oude Wijken,De Hoogte
Oude Wijken,Korrewegwijk
Oude Wijken,Indische buurt
Oude Wijken,Professorenbuurt
Oude Wijken,Noorderplantsoenbuurt
Oude Wijken,Oosterparkwijk
Oude Wijken,Oranjewijk
Oude Wijken,Schildersbuurt
Oude Wijken,Kostverloren
Oude Wijken,Woonschepenhaven
Oost,Beijum
Oost,Drielanden
Oost,Engelbert
Oost,De Hunze
Oost,Van Starkenborgh
Oost,Lewenborg
Oost,Middelbert
Oost,Noorderhoogebrug
Oost,Oosterhoogebrug
Oost,Ruischerbrug
Oost,Meerstad
Oost,Noorddijk
Oost,Ulgersmaborg
Oost,Ruischerwaard
Zuid,Badstratenbuurt
Zuid,Coendersborg
Zuid,Corpus den Hoorn
Zuid,Grunobuurt
Zuid,Helpermaar
Zuid,Helpman
Zuid,Herewegbuurt
Zuid,Hoornse Meer
Zuid,Hoornse Park
Zuid,Laanhuizen
Zuid,Rivierenbuurt
Zuid,Oosterpoortbuurt
Zuid,De Linie
Zuid,Europapark
Zuid,Euvelgunne
Zuid,Stadspark
Zuid,Piccardthof
Zuid,De Wijert
Zuid,Zeeheldenbuurt
Zuid,Klein Martijn
Zuid,De Meeuwen
Zuid,Villabuurt
Zuid,Kop van Oost
West,De Buitenhof
West,Dorkwerd
West,Gravenburg
West,De Held
West,Hoogkerk
West,Leegkerk
West,Paddepoel Winkelcentrum
West,Reitdiephaven
West,Zernike Campus
West,Selwerd Eikenlaan
West,Tuinwijk
West,Vinkhuizen
